"RK","PLAYER","TEAM","POS","OFF RTG","OFF RK","DEF RTG","DEF RK","TOT RTG","TOT RK"
"1","Nikola Jokic","DEN","C","6.4","1","1.0","66","7.3","1"
"2","Shai Gilgeous-Alexander","OKC","PG","6.2","2","1.1","57","7.3","1"
"3","Giannis Antetokounmpo","MIL","PF","4.7","3","1.5","18","6.3","3"
"4","Luka Doncic","LAL","PG","4.7","3","0.8","89","5.5","4"
"5","Jayson Tatum","BOS","PF","4.3","7","0.7","95","5.0","5"
"6","Donovan Mitchell","CLE","SG","4.6","5","0.1","186","4.8","6"
"7","Victor Wembanyama","SAS","C","1.9","37","2.5","3","4.4","7"
"8","Joel Embiid","PHI","C","2.8","18","1.4","29","4.2","8"
"9","Stephen Curry","GSW","PG","4.6","5","-0.6","430","4.0","9"
"10","Tyrese Haliburton","IND","PG","4.3","7","-0.5","398","3.8","10"
"11","James Harden","LAC","PG","3.2","16","0.5","123","3.8","10"
"12","Kawhi Leonard","LAC","SF","2.6","23","1.1","57","3.7","12"
"13","Anthony Davis","DAL","PF","2.0","34","1.6","16","3.6","13"
"14","Ivica Zubac","LAC","C","1.0","70","2.4","5","3.4","14"
"15","Evan Mobley","CLE","PF","1.9","37","1.5","18","3.4","14"
"16","Anthony Edwards","MIN","SG","3.4","13","0.0","210","3.3","16"
"17","Jarrett Allen","CLE","C","1.3","56","1.9","11","3.2","17"
"18","Jalen Williams","OKC","SG","1.9","37","1.2","48","3.1","18"
"19","Jimmy Butler","GSW","SF","2.3","28","0.7","95","3.0","19"
"20","Kristaps Porzingis","BOS","C","1.7","46","1.3","37","3.0","19"
"21","Chet Holmgren","OKC","C","0.8","84","2.1","8","2.9","21"
"22","Karl-Anthony Towns","NYK","C","2.3","28","0.5","123","2.9","21"
"23","Kyrie Irving","DAL","SG","3.3","15","-0.5","398","2.8","23"
"24","Jalen Brunson","NYK","PG","4.1","9","-1.2","533","2.8","23"
"25","Damian Lillard","MIL","PG","3.5","11","-0.8","482","2.7","25"
"26","Derrick White","BOS","SG","1.8","41","0.9","79","2.7","25"
"27","Ja Morant","MEM","PG","2.8","18","-0.1","246","2.7","25"
"28","Franz Wagner","ORL","SF","2.0","34","0.7","95","2.7","25"
"29","LeBron James","LAL","SF","2.8","18","-0.1","246","2.7","25"
"30","Darius Garland","CLE","PG","3.4","13","-0.7","460","2.7","25"
"31","Isaiah Hartenstein","OKC","C","0.2","124","2.4","5","2.6","31"
"32","Rudy Gobert","MIN","C","0.0","150","2.6","2","2.6","31"
"33","Jaren Jackson Jr.","MEM","C","1.2","61","1.3","37","2.5","33"
"34","Amen Thompson","HOU","SF","0.6","93","1.9","11","2.5","33"
"35","Zion Williamson","NOP","PF","2.5","24","-0.1","246","2.4","35"
"36","Ty Jerome","CLE","SG","2.4","27","-0.1","246","2.2","36"
"37","Alperen Sengun","HOU","C","1.2","61","1.0","66","2.2","36"
"38","Fred VanVleet","HOU","PG","0.9","75","1.3","37","2.2","36"
"39","Pascal Siakam","IND","PF","1.8","41","0.4","138","2.1","39"
"40","Luke Kornet","BOS","C","0.7","89","1.5","18","2.1","39"
"41","OG Anunoby","NYK","PF","1.1","67","1.0","66","2.1","39"
"42","Alex Caruso","OKC","SG","-0.3","195","2.3","7","2.1","39"
"43","Kevin Durant","PHX","PF","2.5","24","-0.5","398","2.0","43"
"44","Payton Pritchard","BOS","PG","2.2","32","-0.2","293","2.0","43"
"45","Domantas Sabonis","SAC","C","1.5","50","0.4","138","2.0","43"
"46","Devin Booker","PHX","SG","3.7","10","-1.8","562","1.9","46"
"47","Cade Cunningham","DET","PG","2.1","33","-0.2","293","1.9","46"
"48","Jamal Murray","DEN","PG","2.7","21","-0.8","482","1.9","46"
"49","Austin Reaves","LAL","SG","2.5","24","-0.6","430","1.8","49"
"50","Jaylen Brown","BOS","SF","1.9","37","-0.1","246","1.8","49"
"51","Bam Adebayo","MIA","C","0.2","124","1.5","18","1.8","49"
"52","Desmond Bane","MEM","SG","1.8","41","0.0","210","1.8","49"
"53","Jonathan Isaac","ORL","PF","-0.7","251","2.5","3","1.8","49"
"54","Dereck Lively II","DAL","C","0.2","124","1.5","18","1.7","54"
"55","Trae Young","ATL","PG","3.5","11","-1.8","562","1.7","54"
"56","Tari Eason","HOU","PF","0.1","138","1.5","18","1.6","56"
"57","Myles Turner","IND","C","0.6","93","1.1","57","1.6","56"
"58","Tyler Herro","MIA","SG","2.3","28","-0.7","460","1.6","56"
"59","Tyrese Maxey","PHI","PG","2.9","17","-1.3","542","1.5","59"
"60","Draymond Green","GSW","PF","-1.3","368","2.8","1","1.5","59"
"61","LaMelo Ball","CHA","PG","2.7","21","-1.3","542","1.5","59"
"62","Isaiah Joe","OKC","SG","1.3","56","0.1","186","1.4","62"
"63","Aaron Wiggins","OKC","SG","1.6","49","-0.1","246","1.4","62"
"64","Jalen Suggs","ORL","PG","0.0","150","1.5","18","1.4","62"
"65","Goga Bitadze","ORL","C","-0.5","216","2.0","10","1.4","62"
"66","Al Horford","BOS","C","-0.1","161","1.5","18","1.4","62"
"67","Jakob Poeltl","TOR","C","-0.2","179","1.5","18","1.4","62"
"68","Deni Avdija","POR","SF","1.3","56","0.0","210","1.3","68"
"69","Daniel Gafford","DAL","C","0.7","89","0.5","123","1.3","68"
"70","Norman Powell","LAC","SG","1.5","50","-0.2","293","1.3","68"
"71","Ausar Thompson","DET","SF","-0.5","216","1.7","14","1.3","68"
"72","Onyeka Okongwu","ATL","C","0.8","84","0.4","138","1.3","68"
"73","Paolo Banchero","ORL","PF","1.4","53","-0.1","246","1.2","73"
"74","Jalen Duren","DET","C","0.6","93","0.6","109","1.2","73"
"75","Immanuel Quickley","TOR","PG","1.7","46","-0.5","398","1.2","73"
"76","Lonzo Ball","CHI","PG","0.0","150","1.2","48","1.2","73"
"77","Mitchell Robinson","NYK","C","-0.5","216","1.7","14","1.2","73"
"78","De'Aaron Fox","SAS","PG","1.8","41","-0.6","430","1.2","73"
"79","Chris Boucher","TOR","PF","1.2","61","0.0","210","1.2","73"
"80","Aaron Gordon","DEN","PF","1.2","61","0.0","210","1.2","73"
"81","Kevin Love","MIA","PF","0.5","101","0.6","109","1.2","73"
"82","Paul Reed","DET","C","-0.5","216","1.6","16","1.1","82"
"83","Naz Reid","MIN","C","0.5","101","0.7","95","1.1","82"
"84","Josh Hart","NYK","SG","0.5","101","0.7","95","1.1","82"
"85","Jusuf Nurkic","CHA","C","-0.8","270","1.9","11","1.1","82"
"86","Brandin Podziemski","GSW","SG","0.2","124","1.0","66","1.1","82"
"87","D'Angelo Russell","BKN","PG","1.3","56","-0.2","293","1.1","82"
"88","De'Anthony Melton","BKN","SG","0.2","124","0.9","79","1.1","82"
"89","Jalen Johnson","ATL","SF","0.0","150","1.1","57","1.1","82"
"90","Scottie Barnes","TOR","PF","0.2","124","0.9","79","1.1","82"
"91","Paul George","PHI","PF","0.3","118","0.8","89","1.1","82"
"92","DeMar DeRozan","SAC","SF","2.0","34","-0.9","499","1.0","92"
"93","Brandon Clarke","MEM","PF","0.0","150","1.0","66","1.0","92"
"94","Tobias Harris","DET","PF","0.1","138","0.9","79","1.0","92"
"95","Jalen Smith","CHI","C","0.9","75","0.0","210","1.0","92"
"96","Josh Giddey","CHI","PG","1.0","70","-0.1","246","1.0","92"
"97","Brook Lopez","MIL","C","-0.6","239","1.5","18","1.0","92"
"98","Gary Payton II","GSW","SG","-0.2","179","1.1","57","0.9","98"
"99","Sam Hauser","BOS","PF","0.9","75","0.0","210","0.9","98"
"100","Kris Dunn","LAC","PG","-1.2","337","2.1","8","0.9","98"
"101","Mike Conley","MIN","PG","0.3","118","0.6","109","0.9","98"
"102","Cameron Johnson","BKN","PF","1.7","46","-0.8","482","0.9","98"
"103","Lauri Markkanen","UTA","PF","1.8","41","-0.9","499","0.9","98"
"104","Christian Braun","DEN","SG","0.8","84","0.0","210","0.9","98"
"105","Michael Porter Jr.","DEN","SF","1.4","53","-0.6","430","0.9","98"
"106","Donte DiVincenzo","MIN","SG","0.7","89","0.1","186","0.8","106"
"107","Keon Ellis","SAC","SG","-0.5","216","1.3","37","0.8","106"
"108","Walker Kessler","UTA","C","-0.3","195","1.0","66","0.8","106"
"109","Dyson Daniels","ATL","SG","-0.6","239","1.4","29","0.7","109"
"110","Steven Adams","HOU","C","-0.5","216","1.3","37","0.7","109"
"111","Moritz Wagner","ORL","C","0.5","101","0.2","173","0.7","109"
"112","Jrue Holiday","BOS","PG","-0.2","179","0.9","79","0.7","109"
"113","Scotty Pippen Jr.","MEM","PG","-0.5","216","1.2","48","0.7","109"
"114","Josh Okogie","CHA","SG","-0.5","216","1.2","48","0.7","109"
"115","Jaden McDaniels","MIN","PF","-0.5","216","1.2","48","0.7","109"
"116","Jaylin Williams","OKC","PF","-0.2","179","1.0","66","0.7","109"
"117","Kenrich Williams","OKC","PF","-0.4","204","1.1","57","0.7","109"
"118","Day'Ron Sharpe","BKN","C","-0.2","179","0.8","89","0.7","109"
"119","Kevon Looney","GSW","C","-0.8","270","1.4","29","0.6","119"
"120","Luguentz Dort","OKC","SF","-0.3","195","0.9","79","0.6","119"
"121","Bobby Portis","MIL","PF","0.4","113","0.3","161","0.6","119"
"122","Malik Beasley","DET","SG","1.1","67","-0.5","398","0.6","119"
"123","Santi Aldama","MEM","PF","0.6","93","0.0","210","0.6","119"
"124","Sandro Mamukelashvili","SAS","PF","0.9","75","-0.3","326","0.6","119"
"125","Julius Randle","MIN","PF","1.0","70","-0.5","398","0.6","119"
"126","Dean Wade","CLE","PF","-0.7","251","1.2","48","0.5","126"
"127","Herbert Jones","NOP","SF","-0.8","270","1.3","37","0.5","126"
"128","Robert Williams","POR","C","-0.7","251","1.2","48","0.5","126"
"129","Mouhamed Gueye","ATL","PF","-0.8","270","1.3","37","0.5","126"
"130","Cameron Payne","NYK","PG","0.5","101","-0.1","246","0.5","126"
"131","Jalen Green","HOU","SG","1.2","61","-0.8","482","0.5","126"
"132","Khris Middleton","WAS","SF","0.6","93","-0.2","293","0.5","126"
"133","Toumani Camara","POR","PF","-0.6","239","1.1","57","0.4","133"
"134","John Collins","UTA","PF","0.6","93","-0.2","293","0.4","133"
"135","Cam Thomas","BKN","SG","2.3","28","-1.9","566","0.4","133"
"136","Moses Moody","GSW","SG","-0.1","161","0.4","138","0.4","133"
"137","Derrick Jones Jr.","LAC","SF","-0.5","216","0.9","79","0.4","133"
"138","Wendell Carter Jr.","ORL","C","-1.1","318","1.5","18","0.4","133"
"139","Miles McBride","NYK","PG","0.0","150","0.3","161","0.4","133"
"140","Dorian Finney-Smith","LAL","PF","-0.7","251","1.0","66","0.4","133"
"141","Chris Paul","SAS","PG","0.4","113","-0.1","246","0.4","133"
"142","Tre Jones","CHI","PG","0.3","118","0.0","210","0.3","142"
"143","Sam Merrill","CLE","SG","0.1","138","0.3","161","0.3","142"
"144","Aaron Nesmith","IND","SF","0.5","101","-0.2","293","0.3","142"
"145","Max Strus","CLE","SF","0.3","118","0.0","210","0.3","142"
"146","Miles Bridges","CHA","PF","0.9","75","-0.6","430","0.3","142"
"147","Zach Edey","MEM","C","-0.2","179","0.5","123","0.3","142"
"148","De'Andre Hunter","CLE","SF","0.9","75","-0.7","460","0.3","142"
"149","Keegan Murray","SAC","PF","-0.2","179","0.4","138","0.3","142"
"150","Clint Capela","ATL","C","-0.8","270","1.0","66","0.2","150"
"151","Nickeil Alexander-Walker","MIN","SG","-0.3","195","0.5","123","0.2","150"
"152","Jordan McLaughlin","SAS","PG","-0.4","204","0.6","109","0.2","150"
"153","Cason Wallace","OKC","SG","-0.9","289","1.2","48","0.2","150"
"154","Jose Alvarado","NOP","PG","0.2","124","0.1","186","0.2","150"
"155","Mikal Bridges","NYK","SF","0.6","93","-0.4","357","0.2","150"
"156","Isaiah Jackson","IND","C","-0.4","204","0.6","109","0.2","150"
"157","Grayson Allen","PHX","SG","0.9","75","-0.7","460","0.2","150"
"158","Jonathan Kuminga","GSW","PF","0.2","124","0.0","210","0.2","150"
"159","Malik Monk","SAC","SG","0.9","75","-0.8","482","0.2","150"
"160","T.J. McConnell","IND","PG","0.4","113","-0.3","326","0.1","160"
"161","Marcus Smart","WAS","PG","-0.6","239","0.7","95","0.1","160"
"162","Mark Williams","CHA","C","0.1","138","0.0","210","0.1","160"
"163","PJ Washington","DAL","PF","-0.5","216","0.6","109","0.1","160"
"164","Isaac Okoro","CLE","SG","-0.5","216","0.6","109","0.1","160"
"165","Zach LaVine","SAC","SF","1.5","50","-1.4","548","0.1","160"
"166","Kel'el Ware","MIA","C","-1.2","337","1.2","48","0.1","160"
"167","Nikola Vucevic","CHI","C","0.5","101","-0.4","357","0.1","160"
"168","Kentavious Caldwell-Pope","ORL","SG","-1.3","368","1.3","37","0.0","168"
"169","Alec Burks","MIA","SG","0.1","138","-0.1","246","0.0","168"
"170","Brandon Ingram","TOR","SF","0.5","101","-0.5","398","0.0","168"
"171","Kevin Porter Jr.","MIL","SG","-0.2","179","0.2","173","0.0","168"
"172","Obi Toppin","IND","PF","1.0","70","-1.0","515","0.0","168"
"173","Luka Garza","MIN","C","0.9","75","-0.9","499","0.0","168"
"174","Donovan Clingan","POR","C","-1.4","393","1.4","29","0.0","168"
"175","Kevin Huerter","CHI","SG","0.1","138","-0.1","246","0.0","168"
"176","Nikola Jovic","MIA","PF","-0.5","216","0.4","138","0.0","168"
"177","Rui Hachimura","LAL","PF","-0.1","161","0.1","186","0.0","168"
"178","Bogdan Bogdanovic","LAC","SG","0.1","138","-0.1","246","-0.1","178"
"179","Caris LeVert","ATL","SG","0.2","124","-0.2","293","-0.1","178"
"180","Trayce Jackson-Davis","GSW","C","-0.5","216","0.4","138","-0.1","178"
"181","Jaxson Hayes","LAL","C","-1.5","418","1.4","29","-0.1","178"
"182","Jarred Vanderbilt","LAL","PF","-1.5","418","1.4","29","-0.1","178"
"183","Royce O'Neale","PHX","SF","-0.1","161","0.0","210","-0.1","178"
"184","Bol Bol","PHX","PF","-0.3","195","0.2","173","-0.1","178"
"185","Coby White","CHI","SG","1.2","61","-1.3","542","-0.1","178"
"186","Dejounte Murray","NOP","PG","0.5","101","-0.6","430","-0.1","178"
"187","Kelly Olynyk","NOP","C","-0.4","204","0.3","161","-0.1","178"
"188","Richaun Holmes","WAS","PF","-0.4","204","0.3","161","-0.1","178"
"189","Ryan Rollins","MIL","PG","-0.8","270","0.7","95","-0.1","178"
"190","Trey Murphy III","NOP","SF","0.8","84","-0.9","499","-0.1","178"
"191","Baylor Scheierman","BOS","SG","-0.4","204","0.3","161","-0.1","178"
"192","Jay Huff","MEM","C","0.0","150","-0.1","246","-0.2","192"
"193","Tony Bradley","IND","C","-0.6","239","0.4","138","-0.2","192"
"194","Andrew Nembhard","IND","SG","-0.6","239","0.4","138","-0.2","192"
"195","Delon Wright","NYK","PG","-1.1","318","1.0","66","-0.2","192"
"196","Jevon Carter","CHI","PG","-0.1","161","-0.1","246","-0.2","192"
"197","Moussa Diabate","CHA","C","-0.9","289","0.7","95","-0.2","192"
"198","Marvin Bagley III","MEM","PF","-0.4","204","0.1","186","-0.3","198"
"199","Taran Armstrong","GSW","","-0.1","161","-0.2","293","-0.3","198"
"200","Monte Morris","PHX","PG","0.1","138","-0.4","357","-0.3","198"
"201","Thomas Bryant","IND","C","-0.1","161","-0.2","293","-0.3","198"
"202","Jabari Smith Jr.","HOU","PF","-0.6","239","0.3","161","-0.3","198"
"203","Jared Butler","PHI","SG","0.2","124","-0.5","398","-0.3","198"
"204","Andrew Wiggins","MIA","SF","0.0","150","-0.3","326","-0.3","198"
"205","Dillon Brooks","HOU","SF","-0.4","204","0.1","186","-0.3","198"
"206","Quentin Grimes","PHI","SG","1.0","70","-1.3","542","-0.3","198"
"207","Buddy Hield","GSW","SG","0.0","150","-0.3","326","-0.3","198"
"208","Neemias Queta","BOS","C","-1.0","304","0.6","109","-0.4","208"
"209","Andre Drummond","PHI","C","-1.2","337","0.8","89","-0.4","208"
"210","Jonas Valanciunas","SAC","C","-0.2","179","-0.2","293","-0.4","208"
"211","Mason Jones","SAC","SG","-0.2","179","-0.2","293","-0.4","208"
"212","CJ McCollum","NOP","PG","1.1","67","-1.6","556","-0.4","208"
"213","Cole Anthony","ORL","PG","-0.5","216","0.1","186","-0.4","208"
"214","Naji Marshall","DAL","SF","-0.1","161","-0.3","326","-0.4","208"
"215","Nic Claxton","BKN","C","-1.3","368","0.9","79","-0.4","208"
"216","Deandre Ayton","POR","C","-0.9","289","0.4","138","-0.4","208"
"217","Cam Whitmore","HOU","SF","0.1","138","-0.6","430","-0.4","208"
"218","RJ Barrett","TOR","SF","0.4","113","-0.8","482","-0.4","208"
"219","Anfernee Simons","POR","SG","1.3","56","-1.7","558","-0.4","208"
"220","Saddiq Bey","WAS","SF","0.6","93","-1.1","527","-0.4","208"
"221","Gui Santos","GSW","PF","-0.7","251","0.3","161","-0.5","221"
"222","Collin Sexton","UTA","SG","1.4","53","-1.9","566","-0.5","221"
"223","Mason Plumlee","PHX","C","-1.3","368","0.8","89","-0.5","221"
"224","Matisse Thybulle","POR","SG","-1.9","488","1.4","29","-0.5","221"
"225","Trey Lyles","SAC","PF","-0.7","251","0.2","173","-0.5","221"
"226","Collin Gillespie","PHX","PG","-0.1","161","-0.4","357","-0.5","221"
"227","Dwight Powell","DAL","C","-1.5","418","0.9","79","-0.5","221"
"228","Larry Nance Jr.","ATL","PF","-1.3","368","0.7","95","-0.5","221"
"229","Aaron Holiday","HOU","PG","-0.6","239","0.1","186","-0.5","221"
"230","Gary Trent Jr.","MIL","SG","0.2","124","-0.8","482","-0.5","221"
"231","Josh Minott","MIN","SF","-0.9","289","0.4","138","-0.5","221"
"232","Jeff Dowtin","PHI","PG","-0.2","179","-0.4","357","-0.6","232"
"233","Tyus Jones","PHX","PG","0.8","84","-1.4","548","-0.6","232"
"234","Malcolm Brogdon","WAS","PG","0.3","118","-0.9","499","-0.6","232"
"235","Zach Collins","CHI","PF","-1.1","318","0.5","123","-0.6","232"
"236","Moses Brown","DAL","C","-1.0","304","0.4","138","-0.6","232"
"237","Devin Carter","SAC","PG","-0.7","251","0.1","186","-0.6","232"
"238","Dennis Schroder","DET","PG","0.0","150","-0.6","430","-0.6","232"
"239","Julian Champagnie","SAS","SF","-0.1","161","-0.5","398","-0.6","232"
"240","Dante Exum","DAL","PG","-0.4","204","-0.2","293","-0.6","232"
"241","Lamar Stevens","MEM","PF","-1.2","337","0.5","123","-0.7","241"
"242","Duncan Robinson","MIA","SF","-0.2","179","-0.5","398","-0.7","241"
"243","John Konchar","MEM","SG","-2.0","502","1.3","37","-0.7","241"
"244","Nicolas Batum","LAC","PF","-2.0","502","1.3","37","-0.7","241"
"245","Bones Hyland","MIN","PG","-0.1","161","-0.6","430","-0.7","241"
"246","Luke Kennard","MEM","SG","0.3","118","-1.0","515","-0.7","241"
"247","Brandon Williams","DAL","PG","-0.3","195","-0.4","357","-0.7","241"
"248","Cam Spencer","MEM","SG","-0.1","161","-0.6","430","-0.7","241"
"249","Guerschon Yabusele","PHI","C","0.2","124","-0.8","482","-0.7","241"
"250","Justin Champagnie","WAS","SF","-0.7","251","0.0","210","-0.7","241"
"251","Branden Carlson","OKC","C","-0.6","239","-0.1","246","-0.7","241"
"252","Quinten Post","GSW","PF","-0.5","216","-0.2","293","-0.7","241"
"253","Klay Thompson","DAL","SF","0.5","101","-1.2","533","-0.7","241"
"254","Ben Simmons","LAC","PG","-1.8","477","1.0","66","-0.7","241"
"255","Jock Landale","HOU","C","-1.0","304","0.3","161","-0.7","241"
"256","Harrison Barnes","SAS","PF","0.7","89","-1.4","548","-0.7","241"
"257","Jaylen Wells","MEM","SG","-0.2","179","-0.6","430","-0.7","241"
"258","Javonte Green","CLE","SG","-1.3","368","0.5","123","-0.7","241"
"259","Kyle Anderson","MIA","PF","-1.8","477","1.1","57","-0.7","241"
"260","Haywood Highsmith","MIA","SF","-1.8","477","1.0","66","-0.8","260"
"261","Marcus Bagley","PHI","SF","-0.7","251","-0.1","246","-0.8","260"
"262","Kai Jones","DAL","C","-0.8","270","0.0","210","-0.8","260"
"263","Shaedon Sharpe","POR","SG","0.4","113","-1.2","533","-0.8","260"
"264","Isaiah Stewart","DET","C","-2.1","517","1.3","37","-0.8","260"
"265","Vince Williams Jr.","MEM","SG","-1.0","304","0.2","173","-0.8","260"
"266","Trevelin Queen","ORL","SG","-1.4","393","0.6","109","-0.8","260"
"267","Ronald Holland II","DET","SF","-1.2","337","0.4","138","-0.8","260"
"268","Jordan Goodwin","LAL","PG","-1.3","368","0.5","123","-0.9","268"
"269","Jeremy Sochan","SAS","PF","-0.8","270","0.0","210","-0.9","268"
"270","Davion Mitchell","MIA","PG","-1.3","368","0.4","138","-0.9","268"
"271","Bradley Beal","PHX","SG","0.1","138","-1.0","515","-0.9","268"
"272","Jae'Sean Tate","HOU","SF","-2.0","502","1.1","57","-0.9","268"
"273","Xavier Tillman","BOS","C","-2.3","540","1.4","29","-0.9","268"
"274","Brandon Miller","CHA","SF","0.1","138","-1.0","515","-0.9","268"
"275","Cody Martin","PHX","SF","-2.0","502","1.0","66","-0.9","268"
"276","Cam Christie","LAC","SG","-0.9","289","-0.1","246","-0.9","268"
"277","Yuki Kawamura","MEM","PG","-0.2","179","-0.7","460","-0.9","268"
"278","Quenton Jackson","IND","PG","-0.8","270","-0.1","246","-0.9","268"
"279","Marcus Sasser","DET","PG","-0.5","216","-0.5","398","-0.9","268"
"280","Talen Horton-Tucker","CHI","SG","-0.5","216","-0.5","398","-0.9","268"
"281","Russell Westbrook","DEN","PG","-0.5","216","-0.4","357","-0.9","268"
"282","Dalano Banton","POR","PG","-0.8","270","-0.1","246","-1.0","282"
"283","Damion Lee","PHX","SG","-0.7","251","-0.3","326","-1.0","282"
"284","Tim Hardaway Jr.","DET","SG","-0.1","161","-0.8","482","-1.0","282"
"285","Duop Reath","POR","C","-0.3","195","-0.7","460","-1.0","282"
"286","Leonard Miller","MIN","SF","-0.3","195","-0.7","460","-1.0","282"
"287","Devin Vassell","SAS","SG","-0.1","161","-0.9","499","-1.0","282"
"288","Jared McCain","PHI","SG","0.2","124","-1.2","533","-1.0","282"
"289","Jared Rhoden","TOR","SG","-1.0","304","0.0","210","-1.0","282"
"290","Jordan Poole","WAS","SG","0.5","101","-1.5","555","-1.0","282"
"291","Tristan Vukcevic","WAS","C","-0.2","179","-0.8","482","-1.0","282"
"292","Phillip Wheeler","PHI","PF","-0.6","239","-0.4","357","-1.0","282"
"293","Oscar Tshiebwe","UTA","C","-0.5","216","-0.5","398","-1.0","282"
"294","Grant Williams","CHA","PF","-0.8","270","-0.2","293","-1.0","282"
"295","Adama Sanogo","CHI","C","-0.9","289","-0.2","293","-1.0","282"
"296","Kelly Oubre Jr.","PHI","SF","-0.7","251","-0.3","326","-1.0","282"
"297","David Duke Jr.","SAS","SG","-1.2","337","0.1","186","-1.0","282"
"298","Spencer Dinwiddie","DAL","PG","-0.1","161","-0.9","499","-1.0","282"
"299","Stephon Castle","SAS","PG","0.2","124","-1.3","542","-1.1","299"
"300","Jake LaRavia","SAC","PF","-1.2","337","0.2","173","-1.1","299"
"301","Tyler Kolek","NYK","PG","-0.7","251","-0.4","357","-1.1","299"
"302","Mo Bamba","NOP","C","-1.7","459","0.6","109","-1.1","299"
"303","Vit Krejci","ATL","PG","-1.1","318","0.0","210","-1.1","299"
"304","Jack McVeigh","HOU","PF","-0.7","251","-0.4","357","-1.1","299"
"305","Jackson Rowe","GSW","PF","-0.9","289","-0.2","293","-1.1","299"
"306","Georges Niang","ATL","PF","0.1","138","-1.2","533","-1.1","299"
"307","Charles Bassey","SAS","C","-1.5","418","0.4","138","-1.1","299"
"308","Dru Smith","MIA","SG","-1.8","477","0.7","95","-1.1","299"
"309","Pelle Larsson","MIA","SG","-1.3","368","0.1","186","-1.1","299"
"310","Kyle Filipowski","UTA","C","-0.4","204","-0.7","460","-1.1","299"
"311","Dario Saric","DEN","C","-1.0","304","-0.1","246","-1.1","299"
"312","Mac McClung","ORL","SG","-0.8","270","-0.4","357","-1.2","312"
"313","Oshae Brissett","PHI","SF","-1.1","318","-0.1","246","-1.2","312"
"314","JD Davison","BOS","PG","-0.7","251","-0.5","398","-1.2","312"
"315","Jabari Walker","POR","SF","-1.3","368","0.2","173","-1.2","312"
"316","Kyle Lowry","PHI","PG","-1.9","488","0.7","95","-1.2","312"
"317","Svi Mykhailiuk","UTA","SF","-0.5","216","-0.7","460","-1.2","312"
"318","Gary Harris","ORL","SG","-2.0","502","0.8","89","-1.2","312"
"319","Patrick Baldwin Jr.","LAC","SF","-1.5","418","0.3","161","-1.2","312"
"320","Jaylen Clark","MIN","SG","-1.5","418","0.3","161","-1.2","312"
"321","Garrison Mathews","ATL","SG","-0.8","270","-0.4","357","-1.2","312"
"322","Kobe Bufkin","ATL","SG","-1.1","318","-0.1","246","-1.2","312"
"323","Jaden Springer","UTA","SG","-1.7","459","0.5","123","-1.2","312"
"324","AJ Green","MIL","SG","-1.2","337","0.0","210","-1.2","312"
"325","Ziaire Williams","BKN","SF","-1.2","337","0.0","210","-1.2","312"
"326","Taze Moore","POR","","-0.8","270","-0.4","357","-1.2","312"
"327","Quincy Olivari","LAL","PG","-0.8","270","-0.5","398","-1.2","312"
"328","Keaton Wallace","ATL","PG","-1.2","337","0.0","210","-1.2","312"
"329","Isaiah Wong","CHA","SG","-1.0","304","-0.2","293","-1.2","312"
"330","Chuma Okeke","CLE","PF","-1.4","393","0.1","186","-1.2","312"
"331","Matas Buzelis","CHI","SF","-1.2","337","0.0","210","-1.2","312"
"332","Dominick Barlow","ATL","SF","-1.2","337","-0.1","246","-1.2","312"
"333","DaRon Holmes II","DEN","","-1.1","318","-0.1","246","-1.2","312"
"334","Jordan Clarkson","UTA","SG","0.5","101","-1.8","562","-1.3","334"
"335","Drew Timme","BKN","PF","-0.7","251","-0.6","430","-1.3","334"
"336","EJ Harkless","UTA","SG","-1.4","393","0.1","186","-1.3","334"
"337","Daniss Jenkins","DET","PG","-0.8","270","-0.4","357","-1.3","334"
"338","Jerami Grant","POR","PF","-0.9","289","-0.4","357","-1.3","334"
"339","Christian Wood","LAL","PF","-1.4","393","0.1","186","-1.3","334"
"340","N'Faly Dante","HOU","C","-1.4","393","0.1","186","-1.3","334"
"341","Jaden Ivey","DET","SG","-0.1","161","-1.2","533","-1.3","334"
"342","Jazian Gortman","DAL","PG","-1.1","318","-0.3","326","-1.3","334"
"343","PJ Hall","DEN","C","-1.1","318","-0.3","326","-1.3","334"
"344","Lindy Waters III","DET","SG","-1.0","304","-0.3","326","-1.3","334"
"345","Jaime Jaquez Jr.","MIA","SF","-1.3","368","0.0","210","-1.4","345"
"346","Taylor Hendricks","UTA","PF","-1.0","304","-0.4","357","-1.4","345"
"347","Trendon Watford","BKN","PF","-1.3","368","-0.1","246","-1.4","345"
"348","Johnny Furphy","IND","SG","-1.7","459","0.4","138","-1.4","345"
"349","Ja'Kobe Walter","TOR","SG","-1.1","318","-0.3","326","-1.4","345"
"350","Bennedict Mathurin","IND","SF","-0.4","204","-1.0","515","-1.4","345"
"351","Adam Flagler","OKC","SG","-0.7","251","-0.7","460","-1.4","345"
"352","Dalton Knecht","LAL","SF","0.0","150","-1.4","548","-1.4","345"
"353","Ricky Council IV","PHI","SF","-0.5","216","-0.9","499","-1.4","345"
"354","Ryan Dunn","PHX","SF","-1.2","337","-0.2","293","-1.4","345"
"355","Terrence Shannon Jr.","MIN","SG","-1.3","368","-0.2","293","-1.4","345"
"356","Scoot Henderson","POR","PG","-0.4","204","-1.0","515","-1.4","345"
"357","Ajay Mitchell","OKC","SG","-1.5","418","0.0","210","-1.4","345"
"358","Daeqwon Plowden","ATL","SG","-0.8","270","-0.6","430","-1.4","345"
"359","Ron Harper Jr.","DET","PF","-0.9","289","-0.5","398","-1.4","345"
"360","Anthony Black","ORL","PG","-2.3","540","0.9","79","-1.4","345"
"361","Ousmane Dieng","OKC","C","-1.4","393","0.0","210","-1.4","345"
"362","Craig Porter Jr.","CLE","PG","-1.2","337","-0.3","326","-1.4","345"
"363","Tre Mann","CHA","PG","-1.0","304","-0.4","357","-1.4","345"
"364","Tristen Newton","MIN","SG","-1.4","393","-0.1","246","-1.4","345"
"365","Cory Joseph","ORL","PG","-1.2","337","-0.2","293","-1.4","345"
"366","RayJ Dennis","IND","PG","-0.9","289","-0.6","430","-1.4","345"
"367","Tyson Etienne","BKN","PG","-0.8","270","-0.6","430","-1.5","367"
"368","Dariq Whitehead","BKN","SF","-0.9","289","-0.5","398","-1.5","367"
"368","Dariq Whitehead","BKN","SF","-0.9","289","-0.5","398","-1.5","367"
"370","Precious Achiuwa","NYK","C","-2.1","517","0.6","109","-1.5","367"
"371","Christian Koloko","LAL","C","-1.9","488","0.5","123","-1.5","367"
"372","Cole Swider","TOR","SF","-1.0","304","-0.4","357","-1.5","367"
"373","Julian Phillips","CHI","SF","-1.4","393","-0.1","246","-1.5","367"
"374","Nae'Qwan Tomlin","CLE","PF","-1.1","318","-0.4","357","-1.5","367"
"375","Pat Spencer","GSW","PG","-1.3","368","-0.2","293","-1.5","367"
"376","Kevon Harris","ATL","SG","-1.6","439","0.1","186","-1.5","367"
"377","E.J. Liddell","CHI","PF","-1.1","318","-0.4","357","-1.5","367"
"378","Taurean Prince","MIL","SF","-1.4","393","-0.1","246","-1.5","367"
"379","Miles Norris","BOS","PF","-1.4","393","-0.1","246","-1.5","367"
"380","Terance Mann","ATL","SG","-0.5","216","-1.0","515","-1.5","367"
"381","Ayo Dosunmu","CHI","SG","-0.6","239","-0.9","499","-1.5","367"
"382","Kris Murray","POR","SF","-2.1","517","0.6","109","-1.5","367"
"383","Nick Richards","PHX","C","-1.1","318","-0.4","357","-1.5","367"
"384","Jordan Walsh","BOS","PF","-2.0","502","0.4","138","-1.5","367"
"385","Drew Eubanks","LAC","C","-1.7","459","0.1","186","-1.5","367"
"386","Colby Jones","WAS","SG","-1.7","459","0.2","173","-1.5","367"
"387","Reed Sheppard","HOU","PG","-1.5","418","0.0","210","-1.5","367"
"388","Tyler Smith","MIL","PF","-1.2","337","-0.3","326","-1.5","367"
"389","Simone Fontecchio","DET","SF","-1.3","368","-0.2","293","-1.5","367"
"390","Jalen Pickett","DEN","SG","-1.1","318","-0.4","357","-1.5","367"
"391","Drew Peterson","BOS","PF","-1.3","368","-0.2","293","-1.5","367"
"392","Dalen Terry","CHI","SG","-2.1","517","0.5","123","-1.5","367"
"393","Torrey Craig","BOS","SF","-1.3","368","-0.3","326","-1.5","367"
"394","Max Christie","DAL","SG","-1.1","318","-0.4","357","-1.5","367"
"395","Bronny James","LAL","SG","-1.0","304","-0.6","430","-1.6","395"
"396","Patty Mills","LAC","PG","-1.4","393","-0.1","246","-1.6","395"
"397","Jaylon Tyson","CLE","SG","-1.1","318","-0.4","357","-1.6","395"
"398","Kevin McCullar Jr.","NYK","SF","-1.2","337","-0.3","326","-1.6","395"
"399","Josh Christopher","MIA","SG","-1.3","368","-0.3","326","-1.6","395"
"400","Pat Connaughton","MIL","SG","-1.2","337","-0.4","357","-1.6","395"
"401","Adem Bona","PHI","C","-1.9","488","0.4","138","-1.6","395"
"402","Landry Shamet","NYK","SG","-1.2","337","-0.4","357","-1.6","395"
"403","Emoni Bates","CLE","SF","-1.1","318","-0.5","398","-1.6","395"
"404","Joe Ingles","MIN","SF","-1.6","439","0.0","210","-1.6","395"
"405","Chris Duarte","CHI","SG","-1.6","439","0.0","210","-1.6","395"
"406","Jae Crowder","SAC","PF","-2.0","502","0.4","138","-1.6","395"
"407","Olivier-Maxence Prosper","DAL","PF","-1.6","439","0.0","210","-1.6","395"
"408","Isaiah Stevens","MIA","PG","-1.0","304","-0.6","430","-1.6","395"
"409","Keldon Johnson","SAS","SF","-0.2","179","-1.4","548","-1.6","395"
"410","Noah Clowney","BKN","PF","-1.2","337","-0.4","357","-1.6","395"
"411","Ben Sheppard","IND","SG","-1.3","368","-0.3","326","-1.6","395"
"412","Ethan Thompson","ORL","","-1.3","368","-0.3","326","-1.6","395"
"413","Riley Minix","SAS","SF","-1.2","337","-0.4","357","-1.6","395"
"414","Gabe Vincent","LAL","PG","-1.6","439","-0.1","246","-1.6","395"
"415","Zyon Pullin","MEM","SG","-1.4","393","-0.3","326","-1.7","415"
"416","Tyrese Martin","BKN","SG","-1.1","318","-0.5","398","-1.7","415"
"417","Emanuel Miller","CHI","","-1.2","337","-0.4","357","-1.7","415"
"418","AJ Lawson","TOR","SG","-0.8","270","-0.9","499","-1.7","415"
"419","Pacome Dadiet","NYK","SG","-1.4","393","-0.2","293","-1.7","415"
"420","Eric Gordon","PHI","SG","-0.9","289","-0.8","482","-1.7","415"
"421","Oso Ighodaro","PHX","PF","-2.4","546","0.7","95","-1.7","415"
"422","Peyton Watson","DEN","SF","-2.4","546","0.7","95","-1.7","415"
"423","Skal Labissiere","SAC","PF","-1.5","418","-0.2","293","-1.7","415"
"424","Jarace Walker","IND","PF","-2.1","517","0.4","138","-1.7","415"
"425","Jesse Edwards","MIN","C","-1.6","439","-0.1","246","-1.7","415"
"426","Gregory Jackson","MEM","","-0.9","289","-0.8","482","-1.7","415"
"427","Keion Brooks Jr.","NOP","SF","-1.2","337","-0.5","398","-1.7","415"
"428","Cody Zeller","HOU","C","-1.8","477","0.0","210","-1.8","428"
"429","Lonnie Walker IV","PHI","SG","-0.7","251","-1.1","527","-1.8","428"
"430","Jahmir Young","CHI","PG","-1.2","337","-0.6","430","-1.8","428"
"431","Armel Traore","LAL","SF","-1.4","393","-0.3","326","-1.8","428"
"432","Seth Lundy","LAC","SF","-1.5","418","-0.3","326","-1.8","428"
"433","Tolu Smith","DET","","-1.6","439","-0.1","246","-1.8","428"
"434","Zaccharie Risacher","ATL","SF","-0.7","251","-1.1","527","-1.8","428"
"435","Karlo Matkovic","NOP","PF","-1.5","418","-0.3","326","-1.8","428"
"436","DeAndre Jordan","DEN","C","-2.3","540","0.5","123","-1.8","428"
"437","Bojan Bogdanovic","BKN","SF","-0.1","161","-1.7","558","-1.8","428"
"438","Jaylen Sims","CHA","SG","-1.6","439","-0.2","293","-1.8","428"
"439","Tosan Evbuomwan","BKN","SF","-1.7","459","-0.1","246","-1.8","428"
"440","Brandon Boston Jr.","NOP","SG","-1.3","368","-0.5","398","-1.8","428"
"441","Killian Hayes","BKN","PG","-1.6","439","-0.2","293","-1.8","428"
"442","Chris Livingston","MIL","SF","-1.7","459","-0.1","246","-1.8","428"
"443","Keshad Johnson","MIA","SF","-1.6","439","-0.2","293","-1.8","428"
"444","Harrison Ingram","SAS","SF","-1.6","439","-0.2","293","-1.8","428"
"445","Trentyn Flowers","LAC","SF","-1.5","418","-0.3","326","-1.8","428"
"446","Isaiah Crawford","SAC","SF","-1.4","393","-0.4","357","-1.8","428"
"447","Ochai Agbaji","TOR","SG","-1.7","459","-0.1","246","-1.8","428"
"448","Terry Rozier","MIA","PG","-1.2","337","-0.7","460","-1.8","428"
"449","Jamal Cain","NOP","SF","-1.4","393","-0.4","357","-1.8","428"
"450","Dillon Jones","OKC","SF","-1.8","477","0.0","210","-1.8","428"
"451","Alex Reese","PHI","PF","-1.4","393","-0.4","357","-1.9","451"
"452","Kyshawn George","WAS","SG","-2.1","517","0.2","173","-1.9","451"
"453","Nate Williams","HOU","SG","-1.5","418","-0.3","326","-1.9","451"
"454","Jalen Bridges","PHX","SF","-1.4","393","-0.5","398","-1.9","451"
"455","Daniel Theis","OKC","C","-2.0","502","0.1","186","-1.9","451"
"456","Terry Taylor","SAC","PF","-1.6","439","-0.3","326","-1.9","451"
"457","Vlatko Cancar","DEN","PF","-1.8","477","-0.1","246","-1.9","451"
"458","Braxton Key","GSW","SF","-1.7","459","-0.2","293","-1.9","451"
"459","Josh Richardson","UTA","SG","-1.5","418","-0.4","357","-1.9","451"
"460","Zeke Nnaji","DEN","PF","-2.5","550","0.5","123","-1.9","451"
"461","Damion Baugh","CHA","SG","-1.6","439","-0.3","326","-1.9","451"
"462","Seth Curry","CHA","SG","-1.2","337","-0.7","460","-1.9","451"
"463","Anton Watson","NYK","SF","-1.5","418","-0.4","357","-1.9","451"
"464","Caleb Martin","DAL","SF","-2.1","517","0.1","186","-1.9","451"
"465","TyTy Washington Jr.","PHX","PG","-1.4","393","-0.5","398","-1.9","451"
"466","Trey Alexander","DEN","SG","-1.6","439","-0.3","326","-1.9","451"
"467","Spencer Jones","DEN","SF","-1.8","477","-0.1","246","-2.0","467"
"468","Jeremiah Robinson-Earl","NOP","PF","-1.0","304","-0.9","499","-2.0","467"
"469","Sidy Cissoko","POR","SF","-1.7","459","-0.2","293","-2.0","467"
"470","Marcus Garrett","CHA","SG","-1.9","488","-0.1","246","-2.0","467"
"471","Patrick Williams","CHI","PF","-1.9","488","-0.1","246","-2.0","467"
"472","Reggie Jackson","PHI","PG","-1.1","318","-0.8","482","-2.0","467"
"473","Brice Sensabaugh","UTA","SF","-0.3","195","-1.7","558","-2.0","467"
"474","Blake Wesley","SAS","SG","-2.2","530","0.2","173","-2.0","467"
"475","Shake Milton","LAL","SG","-1.4","393","-0.6","430","-2.0","467"
"476","Kessler Edwards","DAL","SF","-1.9","488","-0.1","246","-2.0","467"
"477","Isaac Jones","SAC","PF","-1.4","393","-0.6","430","-2.0","467"
"478","Caleb Houstan","ORL","SF","-1.5","418","-0.4","357","-2.0","467"
"479","Stanley Umude","MIL","SG","-1.9","488","-0.1","246","-2.0","467"
"480","Alex Ducas","OKC","SG","-1.6","439","-0.4","357","-2.0","467"
"481","Garrett Temple","TOR","SG","-2.5","550","0.5","123","-2.0","467"
"482","Jonathan Mogbo","TOR","PF","-2.5","550","0.4","138","-2.0","467"
"483","Tristan Da Silva","ORL","SF","-1.6","439","-0.5","398","-2.0","467"
"484","Kevin Knox II","GSW","SF","-1.6","439","-0.5","398","-2.1","484"
"485","Bobi Klintman","DET","SF","-1.9","488","-0.2","293","-2.1","484"
"486","Cam Reddish","LAL","SF","-2.7","556","0.7","95","-2.1","484"
"487","Reece Beekman","BKN","PG","-2.2","530","0.1","186","-2.1","484"
"488","Alex Len","LAL","C","-2.7","556","0.6","109","-2.1","484"
"489","Orlando Robinson","TOR","C","-2.0","502","-0.1","246","-2.1","484"
"490","Kylor Kelley","NOP","C","-1.4","393","-0.6","430","-2.1","484"
"491","Keon Johnson","BKN","SG","-1.7","459","-0.4","357","-2.1","484"
"492","Johnny Juzang","UTA","SG","-0.7","251","-1.4","548","-2.1","484"
"493","Jalen Wilson","BKN","PF","-1.2","337","-0.9","499","-2.1","484"
"494","Malachi Flynn","CHA","PG","-1.2","337","-0.9","499","-2.1","484"
"495","Amir Coffey","LAC","SG","-1.4","393","-0.7","460","-2.1","484"
"496","Ulrich Chomche","TOR","PF","-2.0","502","-0.1","246","-2.1","484"
"497","Alexandre Sarr","WAS","C","-1.4","393","-0.8","482","-2.1","484"
"498","Antonio Reeves","NOP","SG","-1.2","337","-0.9","499","-2.1","484"
"499","Markelle Fultz","SAC","PG","-2.1","517","0.0","210","-2.2","499"
"500","Daishen Nix","SAC","PG","-1.9","488","-0.3","326","-2.2","499"
"501","Jamal Shead","TOR","PG","-1.5","418","-0.7","460","-2.2","499"
"502","Jordan Miller","LAC","SF","-1.7","459","-0.4","357","-2.2","499"
"503","Lester Quinones","NOP","SG","-1.2","337","-1.0","515","-2.2","499"
"504","Bruno Fernando","TOR","C","-2.2","530","0.0","210","-2.2","499"
"505","Rob Dillingham","MIN","PG","-1.5","418","-0.7","460","-2.2","499"
"506","Elfrid Payton","NOP","PG","-2.4","546","0.2","173","-2.2","499"
"507","Jaden Hardy","DAL","SG","-1.2","337","-1.1","527","-2.2","499"
"508","Josh Green","CHA","SG","-2.3","540","0.0","210","-2.2","499"
"509","AJ Johnson","WAS","SG","-1.5","418","-0.7","460","-2.3","509"
"510","Justin Minaya","POR","SF","-2.4","546","0.2","173","-2.3","509"
"511","Colin Castleton","TOR","C","-1.9","488","-0.4","357","-2.3","509"
"512","Jaylen Martin","WAS","SF","-1.8","477","-0.5","398","-2.3","509"
"513","Jacob Toppin","ATL","SF","-1.7","459","-0.6","430","-2.3","509"
"514","Maxi Kleber","LAL","PF","-2.7","556","0.4","138","-2.3","509"
"515","Enrique Freeman","IND","PF","-1.9","488","-0.5","398","-2.4","515"
"516","Jaylen Nowell","WAS","SG","-1.6","439","-0.8","482","-2.4","515"
"517","Gradey Dick","TOR","SG","-1.3","368","-1.1","527","-2.4","515"
"518","Luke Travers","CLE","SG","-1.7","459","-0.6","430","-2.4","515"
"519","Jett Howard","ORL","SF","-1.7","459","-0.7","460","-2.4","515"
"520","Hunter Tyson","DEN","PF","-1.6","439","-0.8","482","-2.4","515"
"521","Keyonte George","UTA","PG","-0.1","161","-2.4","570","-2.4","515"
"522","Anthony Gill","WAS","PF","-1.8","477","-0.6","430","-2.4","515"
"523","Jamison Battle","TOR","SF","-1.3","368","-1.2","533","-2.4","515"
"524","Kobe Brown","LAC","PF","-2.2","530","-0.3","326","-2.5","524"
"525","Corey Kispert","WAS","SF","-0.6","239","-1.9","566","-2.5","524"
"526","Liam Robbins","MIL","C","-1.9","488","-0.6","430","-2.5","524"
"527","Bismack Biyombo","SAS","C","-3.1","566","0.6","109","-2.5","524"
"528","Andre Jackson Jr.","MIL","SG","-2.6","554","0.1","186","-2.5","524"
"529","KJ Simpson","CHA","PG","-1.6","439","-0.9","499","-2.5","524"
"530","Doug McDermott","SAC","SF","-0.9","289","-1.7","558","-2.5","524"
"531","Jericho Sims","MIL","C","-2.8","560","0.3","161","-2.5","524"
"532","Micah Potter","UTA","C","-2.0","502","-0.6","430","-2.6","532"
"533","Justin Edwards","PHI","SF","-1.3","368","-1.3","542","-2.6","532"
"534","Wendell Moore Jr.","CHA","SG","-2.2","530","-0.4","357","-2.6","532"
"535","David Roddy","HOU","PF","-2.1","517","-0.5","398","-2.6","532"
"536","KJ Martin","UTA","PF","-2.1","517","-0.5","398","-2.6","532"
"536","KJ Martin","UTA","PF","-2.1","517","-0.5","398","-2.6","532"
"538","Bruce Brown","NOP","PG","-2.0","502","-0.6","430","-2.6","532"
"539","James Johnson","IND","PF","-2.8","560","0.1","186","-2.6","532"
"540","Markieff Morris","LAL","PF","-2.2","530","-0.4","357","-2.7","540"
"541","Pete Nance","MIL","PF","-2.0","502","-0.7","460","-2.7","540"
"542","Tristan Thompson","CLE","C","-2.9","564","0.2","173","-2.7","540"
"543","Julian Strawther","DEN","SG","-1.5","418","-1.2","533","-2.7","540"
"544","Isaiah Collier","UTA","PG","-1.5","418","-1.2","533","-2.7","540"
"545","Kyle Kuzma","MIL","PF","-1.9","488","-0.8","482","-2.7","540"
"546","Jalen Hood-Schifino","PHI","SG","-1.8","477","-0.9","499","-2.7","540"
"547","D.J. Carton","TOR","SG","-2.1","517","-0.7","460","-2.7","540"
"548","Yves Missi","NOP","C","-1.7","459","-1.0","515","-2.8","548"
"549","Ariel Hukporti","NYK","C","-2.8","560","0.1","186","-2.8","548"
"550","MarJon Beauchamp","NYK","SF","-2.2","530","-0.6","430","-2.8","548"
"551","Maxwell Lewis","BKN","SF","-2.2","530","-0.6","430","-2.8","548"
"552","Jeff Green","HOU","PF","-1.7","459","-1.1","527","-2.8","548"
"553","DaQuan Jeffries","CHA","SG","-2.2","530","-0.7","460","-2.9","553"
"554","Bryce McGowens","POR","SG","-2.2","530","-0.7","460","-2.9","553"
"555","Matt Ryan","NYK","SF","-2.0","502","-1.0","515","-2.9","553"
"556","JT Thor","WAS","PF","-2.6","554","-0.3","326","-2.9","553"
"557","Taj Gibson","CHA","C","-3.4","569","0.4","138","-3.0","557"
"558","Rayan Rupert","POR","SG","-2.5","550","-0.5","398","-3.0","557"
"559","Tidjane Salaun","CHA","PF","-2.7","556","-0.3","326","-3.0","557"
"560","Bilal Coulibaly","WAS","SF","-2.3","540","-0.7","460","-3.0","557"
"561","Trey Jemison","LAL","C","-3.0","565","-0.1","246","-3.1","561"
"562","Vasilije Micic","PHX","PG","-2.1","517","-1.0","515","-3.1","561"
"563","Jordan Hawkins","NOP","SG","-1.3","368","-1.8","562","-3.1","561"
"564","Malaki Branham","SAS","SG","-1.7","459","-1.6","556","-3.3","564"
"565","P.J. Tucker","NYK","SF","-3.3","567","0.0","210","-3.4","565"
"566","Carlton Carrington","WAS","PG","-2.0","502","-1.4","548","-3.4","565"
"567","Jalen McDaniels","WAS","SF","-2.8","560","-0.6","430","-3.4","565"
"568","Johnny Davis","MEM","SG","-3.4","569","-0.1","246","-3.5","568"
"569","Cody Williams","UTA","SG","-3.3","567","-1.0","515","-4.3","569"
"570","Nick Smith Jr.","CHA","SG","-2.3","540","-2.0","569","-4.3","569"